{"cameraMode":{"drawMode":0,"name":"Shaded","section":"Shading Mode"},"sceneLighting":false,"audioPlay":false,"sceneViewState":{"m_AlwaysRefresh":false,"showFog":true,"showSkybox":false,"showFlares":true,"showImageEffects":true,"showParticleSystems":true,"showVisualEffectGraphs":true,"m_FxEnabled":true},"in2DMode":false,"pivot":{"x":13.597999572753907,"y":0.9800000190734863,"z":13.619000434875489},"rotation":{"x":0.08471807837486267,"y":-0.9146014451980591,"z":0.2605239152908325,"w":0.2974136769771576},"size":0.5677582025527954,"orthographic":true}