{"cameraMode":{"drawMode":0,"name":"Shaded","section":"Shading Mode"},"sceneLighting":false,"audioPlay":false,"sceneViewState":{"m_AlwaysRefresh":false,"showFog":true,"showSkybox":false,"showFlares":true,"showImageEffects":true,"showParticleSystems":true,"showVisualEffectGraphs":true,"m_FxEnabled":true},"in2DMode":false,"pivot":{"x":13.597999572753907,"y":0.9800000190734863,"z":13.619000434875489},"rotation":{"x":0.31062719225883486,"y":-0.45621079206466677,"z":0.17375409603118897,"w":0.8155972361564636},"size":0.30731651186943056,"orthographic":true}