{"cameraMode":{"drawMode":0,"name":"Shaded","section":"Shading Mode"},"sceneLighting":true,"audioPlay":false,"sceneViewState":{"m_AlwaysRefresh":false,"showFog":true,"showSkybox":true,"showFlares":true,"showImageEffects":true,"showParticleSystems":true,"showVisualEffectGraphs":true,"m_FxEnabled":true},"in2DMode":false,"pivot":{"x":-1.5299999713897706,"y":4.330000877380371,"z":2.2561049461364748},"rotation":{"x":-0.11777275800704956,"y":0.0865507423877716,"z":-0.010341902263462544,"w":-0.9892327189445496},"size":7.269974708557129,"orthographic":true}