{"cameraMode":{"drawMode":0,"name":"Shaded","section":"Shading Mode"},"sceneLighting":true,"audioPlay":false,"sceneViewState":{"m_AlwaysRefresh":false,"showFog":true,"showSkybox":true,"showFlares":true,"showImageEffects":true,"showParticleSystems":true,"showVisualEffectGraphs":true,"m_FxEnabled":true},"in2DMode":false,"pivot":{"x":-17.44150161743164,"y":0.19129718840122224,"z":1.4687397480010987},"rotation":{"x":0.30551594495773318,"y":0.35499563813209536,"z":-0.12397962808609009,"w":0.8747951984405518},"size":26.39950180053711,"orthographic":true}