{"cameraMode":{"drawMode":0,"name":"Shaded","section":"Shading Mode"},"sceneLighting":true,"audioPlay":false,"sceneViewState":{"m_AlwaysRefresh":false,"showFog":true,"showSkybox":true,"showFlares":true,"showImageEffects":true,"showParticleSystems":true,"showVisualEffectGraphs":true,"m_FxEnabled":true},"in2DMode":false,"pivot":{"x":6.348662853240967,"y":1.9411643743515015,"z":0.7960724830627441},"rotation":{"x":0.29080304503440859,"y":-0.41736412048339846,"z":0.14296653866767884,"w":0.8490121960639954},"size":24.065767288208009,"orthographic":true}